Task,Emotion 1,Emotion 2,Emotion 3
Apply for a job, Motivated, Stress, Calm
Get a haircut, Happy, Excited, Calm
Clean the room, Motivated, Bored, Calm
Plan a vacation, Happy, Excited, Calm
Call a friend, Happy, Calm, Bored
Read a book, Calm, Bored, Happy
Learn a new skill, Motivated, Excited, Calm
Exercise, Motivated, Calm, Frustrated
Practice meditation, Calm, Anxious, Sad
Watch a funny video, Happy, Calm, Bored
Listen to upbeat music, Excited, Happy, Calm
Watch a comedy movie, Happy, Calm, Bored
Exercise, Motivated, Calm, Frustrated
Take a nap, Tiredness, Calm, Bored
Cook a new recipe, Happy, Excited, Calm
Go for a walk, Calm, Happy, Excited
Meditate, Calm, Anxious, Sad
Organize your space, Motivated, Happy, Calm
Call a friend/family, Happy, Anxious, Calm
Read a book, Calm, Bored, Happy
Write in a journal, Calm, Sad, Motivated
Learn something new, Motivated, Excited, Calm
Practice mindfulness, Calm, Motivated, Anger
Do a creative activity, Excited, Happy, Calm
Plan a future trip, Happy, Excited, Calm
Apply for a job, Motivated, Stress, Calm
Get a haircut, Happy, Excited, Calm
Clean the room, Motivated, Bored, Calm
Plan a vacation, Happy, Excited, Calm
Call a friend, Happy, Calm, Bored
Read a book, Calm, Bored, Happy
Learn a new skill, Motivated, Excited, Calm
Exercise, Motivated, Calm, Frustrated
Practice meditation, Calm, Anxious, Sad
Watch a funny video, Happy, Calm, Bored
Play a favorite video game, Happy, Excited, Bored
Study for upcoming exams, Motivated, Stress, Calm
Try a new workout routine, Motivated, Excited, Bored
Volunteer at a local shelter, Happy, Calm, Sad
Write poetry or song lyrics, Happy, Bored, Sad
Cook a meal for the family, Happy, Excited, Calm
Watch a thriller movie, Excited, Stress, Calm
Draw or paint, Happy, Excited, Bored
Listen to calming music, Calm, Sad, Anxious
Go for a bike ride, Happy, Excited, Calm
Practice a musical instrument, Happy, Excited, Bored
Write a short story, Happy, Excited, Bored
Do a puzzle, Calm, Bored, Happy
Attend a club meeting, Happy, Motivated, Bored
Take a scenic nature walk, Happy, Calm, Bored
Help a neighbor with chores, Happy, Motivated, Sad
Watch a documentary, Bored, Calm, Motivated
Plan a surprise for a friend, Happy, Excited, Calm
Create a vision board, Motivated, Happy, Excited
Play a musical instrument, Happy, Excited, Bored
Create a study schedule, Motivated, Calm, Stress
Organize school supplies, Motivated, Calm, Bored
Participate in a school club meeting, Happy, Motivated, Bored
Research a topic of interest, Motivated, Bored, Calm
Practice mindfulness for  minutes, Calm, Anxious, Sad
Write a reflection journal entry, Calm, Sad, Happy
Join an online educational seminar, Motivated, Excited, Calm
Create flashcards for studying, Motivated, Calm, Stress
Help a classmate with homework, Happy, Motivated, Sad
Practice public speaking, Excited, Stress, Motivated
Explore a new language, Motivated, Excited, Calm
Read a news article, Calm, Bored, Anger
Complete a creative writing prompt, Happy, Excited, Bored
Review and summarize a textbook chapter, Motivated, Calm, Stress
Discuss a current event, Happy, Motivated, Anxious
Design a presentation, Motivated, Excited, Calm
Solve a series of math problems, Motivated, Frustrated, Calm
Practice coding, Motivated, Excited, Bored
Watch an educational YouTube video, Happy, Motivated, Bored
Create a mind map, Motivated, Bored, Calm
Grocery shopping, Happy, Bored, Calm
Pay bills, Stress, Calm, Bored
Take a pet for a walk, Happy, Excited, Calm
Attend a social gathering, Happy, Excited, Calm
Clean the car, Motivated, Bored, Calm
Have a family dinner, Happy, Calm, Bored
Go for a coffee, Happy, Calm, Bored
Visit a local park, Happy, Excited, Calm
Attend a community event, Happy, Excited, Calm
Do some gardening, Happy, Motivated, Calm
Arrange a family game night, Happy, Excited, Calm
Watch a sunset, Happy, Calm, Bored
Try a new restaurant, Happy, Excited, Calm
DIY home improvement, Motivated, Bored, Calm
Visit a museum or art gallery, Happy, Excited, Calm
Take a day trip, Happy, Excited, Calm
Have a movie night at home, Happy, Calm, Bored
Host a small gathering at home, Happy, Excited, Calm
Do a digital detox, Calm, Bored, Sad
Have a picnic, Happy, Excited, Calm
Play sports with friends, Happy, Excited, Calm
Work on a DIY project, Motivated, Bored, Calm
Go for a bike ride, Happy, Excited, Calm
Play video games, Happy, Excited, Bored
Read a comic book or manga, Happy, Bored, Calm
Practice skateboarding or BMX, Happy, Excited, Calm
Watch a favorite TV series, Happy, Excited, Calm
Learn to cook a new recipe, Happy, Excited, Calm
Work on a car or bike, Motivated, Bored, Calm
Listen to music, Happy, Excited, Calm
Practice playing an instrument, Happy, Excited, Bored
Watch sports highlights, Excited, Happy, Calm
Work on a personal art project, Happy, Excited, Bored
Start a blog or YouTube channel, Happy, Excited, Motivated
Explore a new hobby, Happy, Excited, Bored
Plan a camping trip, Happy, Excited, Calm
Experiment with photography, Happy, Excited, Bored
Create a workout routine, Motivated, Excited, Calm
Volunteer for a cause, Happy, Calm, Sad
Play board games with friends, Happy, Excited, Bored
Prepare lesson plans, Motivated, Stress, Calm
Grade assignments, Stress, Motivated, Calm
Conduct parent-teacher meetings, Motivated, Stress, Calm
Organize classroom materials, Motivated, Bored, Calm
Create educational resources, Motivated, Excited, Calm
Facilitate group discussions, Motivated, Happy, Calm
Attend professional development, Motivated, Stress, Calm
Collaborate with colleagues, Motivated, Happy, Calm
Adapt lesson plans for students' needs, Motivated, Stress, Calm
Grade and provide feedback on exams, Stress, Motivated, Calm
Create engaging presentations, Motivated, Excited, Calm
Implement new teaching methods, Motivated, Excited, Calm
Monitor student progress, Motivated, Stress, Calm
Encourage class participation, Motivated, Happy, Calm
Conduct research for teaching, Motivated, Bored, Calm
Coordinate extracurricular activities, Motivated, Excited, Calm
Support students' emotional needs, Motivated, Sad, Calm
Manage classroom discipline, Stress, Anger, Calm
Develop educational assessments, Motivated, Stress, Calm
Create educational content, Motivated, Excited, Calm
Coordinate with school administration, Motivated, Stress, Calm
Supervise student activities, Motivated, Happy, Calm
Plan field trips, Motivated, Excited, Calm
Organize and maintain records, Motivated, Bored, Calm
Create and implement assessments, Motivated, Stress, Calm
Collaborate with parents/guardians, Motivated, Happy, Calm
Develop a curriculum, Motivated, Excited, Calm
Engage in professional networking, Motivated, Happy, Calm
Analyze student performance data, Motivated, Stress, Calm
Provide individualized support, Motivated, Sad, Calm
Conduct teacher-parent conferences, Motivated, Stress, Calm
Review and update curriculum, Motivated, Excited, Calm
Supervise extracurricular clubs, Motivated, Excited, Calm
Implement technology in lessons, Motivated, Excited, Calm
Create and grade assessments, Motivated, Stress, Calm
Collaborate with special education team, Motivated, Sad, Calm
Conduct professional workshops, Motivated, Excited, Calm
Create and maintain class website, Motivated, Excited, Calm
Develop educational resources, Motivated, Excited, Calm
Manage classroom technology, Motivated, Excited, Calm
Mentor new teachers, Motivated, Happy, Calm
Support student mental health, Motivated, Sad, Calm
Organize educational events, Motivated, Excited, Calm
Facilitate student clubs, Motivated, Happy, Calm
Create and manage class library, Motivated, Bored, Calm
Develop student portfolios, Motivated, Excited, Calm
Implement differentiated instruction, Motivated, Stress, Calm
Support student learning styles, Motivated, Excited, Calm
Coordinate standardized testing, Motivated, Stress, Calm
Conduct professional assessments, Motivated, Stress, Calm
Attend team meetings, Motivated, Happy, Calm
Draft project proposals, Motivated, Stress, Calm
Collaborate on group projects, Motivated, Happy, Calm
Analyze market trends, Motivated, Excited, Calm
Conduct client presentations, Motivated, Happy, Stress
Respond to emails, Motivated, Bored, Calm
Develop sales strategies, Motivated, Excited, Stress
Manage project timelines, Motivated, Stress, Calm
Negotiate business deals, Motivated, Excited, Stress
Participate in professional development, Motivated, Excited, Calm
Network with industry professionals, Motivated, Happy, Excited
Conduct market research, Motivated, Excited, Calm
Prepare quarterly reports, Motivated, Stress, Calm
Review and approve budgets, Motivated, Stress, Calm
Mentor junior colleagues, Motivated, Happy, Calm
Conduct employee appraisals, Motivated, Stress, Calm
Plan and execute marketing campaigns, Motivated, Excited, Stress
Manage daily operational tasks, Motivated, Bored, Calm
Coordinate with cross-functional teams, Motivated, Happy, Calm
Deliver training sessions, Motivated, Happy, Calm
Celebrate team successes, Happy, Excited, Calm
Handle customer complaints, Stress, Anger, Calm
Receive positive client feedback, Happy, Motivated, Calm
Adapt to changing priorities, Stress, Calm, Motivated
Deal with project setbacks, Stress, Sad, Calm
Enjoy team-building activities, Happy, Excited, Calm
Engage in a brainstorming session, Happy, Excited, Motivated
Participate in company social events, Happy, Excited, Calm
Receive professional recognition, Happy, Motivated, Calm
Handle a challenging negotiation, Stress, Excited, Motivated
Navigate office politics, Stress, Anger, Calm
Enjoy a quiet work day, Calm, Bored, Happy
Engage in creative problem-solving, Motivated, Excited, Calm
Present innovative ideas, Motivated, Excited, Happy
Manage conflicts among team members, Stress, Anger, Calm
Embrace diversity in the workplace, Happy, Motivated, Calm
Adapt to a new work environment, Stress, Sad, Calm
Conduct a motivational session, Happy, Motivated, Calm
Respond to a crisis situation, Stress, Sad, Calm
Embrace remote work challenges, Stress, Calm, Motivated
Morning exercise, Motivated, Excited, Calm
Prepare breakfast, Happy, Calm, Bored
Commute to work/school, Stress, Calm, Excited
Attend meetings/classes, Motivated, Happy, Stress
Check and respond to emails, Motivated, Bored, Calm
Lunch break, Happy, Calm, Bored
Complete work/school assignments, Motivated, Stress, Calm
Exercise or take a walk, Motivated, Excited, Calm
Grocery shopping, Happy, Bored, Calm
Cook dinner, Happy, Excited, Calm
Family time/Quality time, Happy, Calm, Bored
Engage in a hobby, Happy, Excited, Calm
Read a book or watch TV, Calm, Bored, Happy
Meditate/Practice mindfulness, Calm, Anxious, Motivated
Plan for the next day, Motivated, Calm, Stress
Connect with friends/family, Happy, Calm, Bored
Do household chores, Motivated, Bored, Calm
Take a relaxing bath/shower, Calm, Happy, Bored
Listen to music or a podcast, Happy, Excited, Calm
Plan personal goals, Motivated, Calm, Stress
Pay bills and manage finances, Stress, Motivated, Calm
Evening self-reflection, Calm, Sad, Happy
Engage in a creative activity, Happy, Excited, Bored
Volunteer or help someone, Happy, Motivated, Sad
Write in a journal, Calm, Happy, Sad
Practice gratitude, Happy, Calm, Sad
Learn something new, Motivated, Excited, Calm
Plan a future trip or outing, Happy, Excited, Calm
Engage in a DIY project, Motivated, Excited, Bored
Spend time in nature, Happy, Calm, Bored
Review and organize files, Motivated, Bored, Calm
Play a musical instrument, Happy, Excited, Bored
Have a virtual hangout with friends, Happy, Excited, Calm
Create a to-do list for the next day, Motivated, Calm, Stress
Explore a new hobby or interest, Happy, Excited, Calm
Learn a new recipe, Happy, Excited, Calm
Reflect on accomplishments, Happy, Calm, Bored
Engage in a virtual workout, Motivated, Excited, Calm
Plan and enjoy a healthy meal, Happy, Calm, Bored
Practice deep breathing exercises, Calm, Anxious, Motivated
Clean and organize workspace, Motivated, Bored, Calm
Engage in an online course, Motivated, Excited, Calm
Connect with a mentor or coach, Motivated, Happy, Calm
Try a new relaxation technique, Calm, Happy, Anxious
Engage in a digital detox, Calm, Bored, Sad
Enjoy a sunset/sunrise, Happy, Calm, Bored
Create a vision board, Motivated, Happy, Calm
Engage in a hobby you love, Happy, Excited, Calm
Attend an online event or webinar, Happy, Excited, Calm
Practice a hobby or craft, Happy, Excited, Bored
Try a new workout routine, Motivated, Excited, Calm
Spend time with pets, Happy, Calm, Bored
Plan and execute a home project, Motivated, Excited, Stress
Experiment with cooking, Happy, Excited, Bored
Watch an educational documentary, Motivated, Excited, Calm
Update personal finances, Stress, Motivated, Calm
Engage in a creative writing, Happy, Excited, Bored
Explore a nearby park, Happy, Excited, Calm
Practice a new language, Motivated, Excited, Calm
Explore local cultural spots, Happy, Excited, Calm
Spend quality time with family, Happy, Calm, Bored
Try a new relaxation technique, Calm, Happy, Anxious
Stargaze, Happy, Calm, Bored
Write a letter to your future self, Happy, Sad, Motivated
Practice lucid dreaming techniques, Happy, Calm, Anxious
Learn and practice origami, Motivated, Excited, Bored
Conduct a digital declutter, Calm, Motivated, Bored
Explore local folklore or legends, Happy, Excited, Bored
Complete a -piece puzzle, Happy, Bored, Calm
Participate in a community clean-up, Happy, Motivated, Bored
Learn a new dance routine, Happy, Excited, Calm
Explore a nearby ghost town, Happy, Sad, Bored
Create a time capsule, Happy, Calm, Bored
Engage in an extreme sport, Excited, Stress, Happy
Host a themed movie marathon, Happy, Excited, Calm
Visit an escape room, Excited, Stress, Happy
Attend a local storytelling event, Happy, Excited, Calm
Learn and practice calligraphy, Motivated, Excited, Bored
Participate in a virtual reality experience, Excited, Stress, Happy
Try a sensory deprivation tank, Calm, Anxious, Happy
Go on a spontaneous road trip, Happy, Excited, Stress
Experience a sleep pod, Calm, Bored, Anxious
Revise and update resume/CV, Motivated, Stress, Calm
Attend networking events, Motivated, Happy, Stress
Volunteer for community work, Happy, Motivated, Calm
Set up informational interviews, Motivated, Stress, Calm
Develop new skills or certifications, Motivated, Excited, Calm
Create a personal website/portfolios, Motivated, Excited, Calm
Join online professional groups, Motivated, Happy, Calm
Research potential job openings, Motivated, Stress, Calm
Attend career development workshops, Motivated, Excited, Calm
Connect with industry professionals, Motivated, Happy, Calm
Improve LinkedIn profile, Motivated, Stress, Calm
Draft cover letters, Motivated, Stress, Calm
Take online courses for upskilling, Motivated, Excited, Calm
Create a job search strategy, Motivated, Stress, Calm
Explore freelancing opportunities, Motivated, Excited, Calm
Update references and recommendations, Motivated, Stress, Calm
Research entrepreneurial ventures, Motivated, Excited, Stress
Attend job fairs or virtual career expos, Motivated, Happy, Stress
Join professional development webinars, Motivated, Excited, Calm
Create a daily job search routine, Motivated, Stress, Calm
Morning meditation, Calm, Happy, Motivated
Prepare a healthy breakfast, Happy, Calm, Bored
Attend a virtual fitness class, Motivated, Excited, Calm
Review and plan the day's goals, Motivated, Calm, Stress
Practice coding for  minutes, Motivated, Excited, Bored
Connect with a friend virtually, Happy, Calm, Bored
Write in a gratitude journal, Happy, Calm, Bored
Learn a new language for  minutes, Motivated, Excited, Bored
Complete a work assignment, Motivated, Stress, Calm
Take a -minute mindfulness break, Calm, Happy, Bored
Read a chapter of a novel, Calm, Happy, Bored
Organize and declutter workspace, Motivated, Bored, Calm
Learn and practice a new musical piece, Motivated, Excited, Bored
Watch an educational TED Talk, Motivated, Excited, Calm
Participate in a creative writing exercise, Happy, Excited, Bored
Plan and prep for upcoming interviews, Stress, Motivated, Calm
Complete a home workout routine, Motivated, Excited, Calm
Reflect on the day before bed, Calm, Happy, Bored
Research investment opportunities, Motivated, Excited, Stress
Try a new recipe for dinner, Happy, Excited, Calm
Meditate for  minutes, Calm, Happy, Bored
Address team conflicts, Anger, Stress, Calm
Encourage team well-being, Happy, Calm, Tiredness
Share personal failure stories, Sad, Happy, Calm
Take a mental health break, Calm, Sad, Anxious
Provide constructive feedback, Happy, Calm, Anger
Support struggling employees, Sad, Happy, Calm
Implement a wellness program, Happy, Calm, Tiredness
Discuss and solve burnout issues, Stress, Calm, Happy
Allow flexible work arrangements, Calm, Happy, Excited
Lead a mindfulness session, Calm, Happy, Tiredness
Acknowledge and validate concerns, Sad, Happy, Calm
Promote mental health awareness, Happy, Calm, Anxious
Lead a team-building exercise, Happy, Excited, Calm
Delegate tasks effectively, Motivated, Happy, Calm
Encourage a culture of gratitude, Happy, Calm, Bored
Provide resources for stress management, Stress, Calm, Happy
Conduct empathy-building workshops, Sad, Happy, Calm
Establish quiet reflection periods, Calm, Bored, Happy
Support work-life balance, Happy, Calm, Tiredness
Attend classes, Stress, Motivated, Calm
Work on a creative project, Happy, Excited, Bored
Study for upcoming tests, Stress, Motivated, Calm
Spend time with friends, Happy, Excited, Calm
Try a new hobby or activity, Excited, Happy, Bored
Have a relaxing evening, Calm, Happy, Bored
Practice mindfulness, Calm, Anxious, Happy
Complete a challenging puzzle, Bored, Excited, Happy
Help someone in need, Happy, Sad, Motivated
Reflect on achievements, Happy, Calm, Bored
Attend an art or music class, Excited, Happy, Calm
Practice deep breathing exercises, Calm, Anxious, Motivated
Explore nature, Happy, Excited, Calm
Write in a journal, Calm, Happy, Sad
Volunteer for a cause, Happy, Motivated, Sad
Try a new recipe or bake, Happy, Excited, Bored
Learn something new, Motivated, Excited, Calm
Have a quiet reading time, Calm, Happy, Bored
Watch a feel-good movie, Happy, Calm, Bored
Practice a musical instrument, Happy, Excited, Bored
Folding and arranging clothes, Calm, Happy, Bored
Cleaning the bathroom, Stress, Motivated, Calm
Cooking a meal, Happy, Motivated, Bored
Vacuuming the house, Calm, Bored, Motivated
Watering plants, Happy, Calm, Bored
Organizing the pantry, Motivated, Calm, Bored
Making the bed, Calm, Happy, Bored
Washing dishes, Calm, Bored, Stress
Mopping the floors, Calm, Bored, Motivated
Dusting furniture, Calm, Bored, Motivated
Taking out the trash, Stress, Calm, Bored
Rearranging furniture, Happy, Motivated, Bored
Washing laundry, Stress, Calm, Bored
Grocery shopping, Happy, Motivated, Stress
Cleaning windows, Calm, Bored, Motivated
Ironing clothes, Calm, Happy, Bored
Setting the table, Happy, Calm, Bored
Sorting and filing paperwork, Motivated, Calm, Bored
Emptying the dishwasher, Calm, Bored, Stress
Cleaning out the fridge, Stress, Motivated, Calm
Rearranging furniture, Happy, Bored, Tiredness
Repotting houseplants, Excited, Calm, Bored
Writing in a gratitude journal, Happy, Calm, Bored
Repairing or assembling furniture, Anger, Motivated, Calm
Deep cleaning under furniture, Stress, Calm, Bored
Organizing and decluttering, Motivated, Calm, Bored
Planting or gardening, Excited, Calm, Bored
Cleaning out and organizing the garage, Stress, Motivated, Calm
Rearranging bookshelves or collections, Happy, Bored, Tiredness
Installing or setting up smart home devices, Excited, Calm, Bored
Renovating or redecorating a room, Happy, Excited, Motivated
DIY crafting or creating home decor, Excited, Motivated, Bored
Setting up a home entertainment system, Excited, Calm, Bored
Deep cleaning kitchen appliances, Stress, Calm, Bored
Conducting home energy efficiency audit, Motivated, Calm, Bored
Setting up a home gym, Motivated, Excited, Bored
Designing and arranging a home office, Motivated, Excited, Bored
Planning and executing a home DIY project, Motivated, Excited, Stress
Conducting household safety checks, Stress, Calm, Bored
Deep cleaning carpets or rugs, Stress, Calm, Bored
Exercise or go for a run, Motivated, Excited, Calm
Meditate or practice mindfulness, Calm, Happy, Bored
Listen to uplifting music, Happy, Excited, Bored
Read a favorite book or article, Calm, Happy, Bored
Cook a new recipe, Happy, Motivated, Bored
Call or video chat with a friend/family, Happy, Excited, Anxious
Do a random act of kindness, Happy, Motivated, Sad
Watch a comedy show or movie, Happy, Calm, Bored
Plan a future trip or adventure, Excited, Happy, Calm
Write in a journal or diary, Calm, Happy, Sad
Complete a puzzle or brainteaser, Bored, Excited, Happy
Learn a new skill or hobby, Motivated, Excited, Bored
Volunteer for a cause or charity, Happy, Motivated, Sad
Engage in deep breathing exercises, Calm, Anxious, Motivated
Watch an informative TED Talk, Motivated, Excited, Calm
Do a home improvement project, Motivated, Excited, Stress
Explore a new part of the city, Excited, Happy, Calm
Create art or doodle, Happy, Excited, Bored
Complete a workout routine, Motivated, Excited, Calm
Watch a motivational speech, Motivated, Happy, Bored
Write a poem, Happy, Bored, Tiredness
Clean the car, Calm, Motivated, Stress
Listen to a podcast or audiobook, Calm, Happy, Bored
Research a new topic of interest, Motivated, Calm, Bored
Solve a Sudoku puzzle, Bored, Excited, Happy
Go for a hike, Excited, Happy, Calm
Water the plants, Happy, Calm, Bored
Write a thank-you note, Happy, Calm, Bored
Plan and prepare meals for the week, Motivated, Happy, Stress
Rearrange the furniture, Happy, Bored, Tiredness
Listen to classical music, Calm, Happy, Bored
Watch a documentary, Motivated, Happy, Bored
Try a new food or recipe, Happy, Excited, Bored
Research and plan a DIY project, Motivated, Excited, Stress
Write down goals for the week, Motivated, Calm, Stress
Watch a sunset, Calm, Happy, Bored
Dance to favorite music, Happy, Excited, Bored
Learn a new dance move, Excited, Happy, Bored
Sort through old photos, Sad, Happy, Bored
Attend a virtual seminar or workshop, Motivated, Calm, Bored
Take a power nap, Tiredness, Calm, Bored
Try a new fitness routine, Motivated, Excited, Stress
Write a short story or narrative, Happy, Bored, Tiredness
Perform a random act of kindness, Happy, Motivated, Sad
Learn to play a new instrument, Excited, Motivated, Happy
Research and plan a future trip, Excited, Happy, Calm
Write a letter to your future self, Happy, Calm, Bored
Attend a virtual yoga or meditation class, Calm, Motivated, Excited
Try a new craft or DIY project, Excited, Motivated, Bored
Learn about constellations, Excited, Calm, Bored
Create a vision board, Motivated, Happy, Bored
Paint or draw, Happy, Excited, Bored
Clean out and organize digital files, Motivated, Calm, Bored
Write a list of things you're grateful for, Happy, Calm, Bored
Make a to-do list for the day, Motivated, Calm, Stress
Try a new language learning app, Excited, Motivated, Bored
Create a budget plan, Stress, Motivated, Calm
Write a short poem or haiku, Happy, Bored, Tiredness
Plan a self-care day, Calm, Happy, Bored
Learn about a historical event, Motivated, Sad, Calm
Write a letter to a friend, Happy, Calm, Bored
Learn about a new culture or tradition, Excited, Motivated, Calm
Watch a nature documentary, Calm, Happy, Bored
Try a new skincare routine, Happy, Calm, Stress
Learn and practice origami, Excited, Happy, Bored
Create and maintain a bullet journal, Motivated, Calm, Bored
Write down and review personal affirmations, Happy, Calm, Bored
Watch a comedy special or stand-up show, Happy, Calm, Bored
Create a playlist of favorite songs, Happy, Excited, Bored
Watch a TED Talk on an interesting topic, Motivated, Happy, Bored
Create a time capsule, Happy, Motivated, Bored
Solve a crossword puzzle, Bored, Excited, Happy
Research and plan a DIY home project, Motivated, Excited, Stress
Practice a new workout routine, Motivated, Excited, Calm
Watch a motivational video, Motivated, Happy, Bored
Listen to a new music genre, Happy, Excited, Bored
Watch a live performance or concert, Happy, Excited, Bored
Create a personal vision statement, Motivated, Happy, Bored
Practice mindfulness for  minutes, Calm, Happy, Bored
Create a mood board, Happy, Excited, Bored
Learn about a new scientific concept, Motivated, Excited, Calm
Try a new dessert recipe, Happy, Excited, Bored
Create and maintain a gratitude journal, Happy, Calm, Bored
Try a new fitness class, Excited, Motivated, Stress
Go for a bike ride, Excited, Happy, Calm
Watch a space exploration documentary, Excited, Calm, Bored
Explore a new museum or exhibit, Excited, Happy, Calm
Experiment with a new hairstyle, Happy, Excited, Stress
Learn and practice calligraphy, Motivated, Happy, Bored
Create a DIY gift for a friend, Happy, Motivated, Sad
Write a short play or skit, Happy, Bored, Tiredness
Write a short story or narrative, Happy, Bored, Tiredness
Perform a random act of kindness, Happy, Motivated, Sad
Learn to play a new instrument, Excited, Motivated, Happy
Research and plan a future trip, Excited, Happy, Calm
Write a letter to your future self, Happy, Calm, Bored
Attend a virtual yoga or meditation class, Calm, Motivated, Excited
Try a new craft or DIY project, Excited, Motivated, Bored
Learn about constellations, Excited, Calm, Bored
Create a vision board, Motivated, Happy, Bored
Paint or draw, Happy, Excited, Bored
Clean out and organize digital files, Motivated, Calm, Bored
Write a list of things you're grateful for, Happy, Calm, Bored
Make a to-do list for the day, Motivated, Calm, Stress
Try a new language learning app, Excited, Motivated, Bored
Create a budget plan, Stress, Motivated, Calm
Write a short poem or haiku, Happy, Bored, Tiredness
Plan a self-care day, Calm, Happy, Bored
Learn about a historical event, Motivated, Sad, Calm
Write a letter to a friend, Happy, Calm, Bored
Learn about a new culture or tradition, Excited, Motivated, Calm
Watch a nature documentary, Calm, Happy, Bored
Try a new skincare routine, Happy, Calm, Stress
Learn and practice origami, Excited, Happy, Bored
Create and maintain a bullet journal, Motivated, Calm, Bored
Write down and review personal affirmations, Happy, Calm, Bored
Watch a comedy special or stand-up show, Happy, Calm, Bored
Create a playlist of favorite songs, Happy, Excited, Bored
Watch a TED Talk on an interesting topic, Motivated, Happy, Bored
Create a time capsule, Happy, Motivated, Bored
Solve a crossword puzzle, Bored, Excited, Happy
Research and plan a DIY home project, Motivated, Excited, Stress
Practice a new workout routine, Motivated, Excited, Calm
Watch a motivational video, Motivated, Happy, Bored
Listen to a new music genre, Happy, Excited, Bored
Watch a live performance or concert, Happy, Excited, Bored
Create a personal vision statement, Motivated, Happy, Bored
Practice mindfulness for  minutes, Calm, Happy, Bored
Create a mood board, Happy, Excited, Bored
Learn about a new scientific concept, Motivated, Excited, Calm
Try a new dessert recipe, Happy, Excited, Bored
Create and maintain a gratitude journal, Happy, Calm, Bored
Try a new fitness class, Excited, Motivated, Stress
Go for a bike ride, Excited, Happy, Calm
Watch a space exploration documentary, Excited, Calm, Bored
Explore a new museum or exhibit, Excited, Happy, Calm
Experiment with a new hairstyle, Happy, Excited, Stress
Learn and practice calligraphy, Motivated, Happy, Bored
Create a DIY gift for a friend, Happy, Motivated, Sad
Write a short play or skit, Happy, Bored, Tiredness
Punching bag workout, Motivated, Anger, Calm
Writing in a journal to vent frustrations, Frustrated, Calm, Bored
Taking a power nap, Tiredness, Calm, Bored
Deep breathing exercises, Calm, Anger, Tiredness
Listening to calming music, Calm, Anger, Tiredness
Engaging in a relaxation meditation, Calm, Anger, Tiredness
Doing a light stretching routine, Calm, Tiredness, Bored
Practicing mindfulness techniques, Calm, Tiredness, Bored
Watching a calming nature scene, Calm, Tiredness, Bored
Taking a leisurely walk outdoors, Calm, Tiredness, Bored
Engaging in a hobby for relaxation, Happy, Calm, Tiredness
Drawing or sketching, Happy, Bored, Tiredness
Listening to a sad playlist, Sad, Calm, Bored
Writing poetry or emotional prose, Sad, Happy, Bored
Venting in a private journal, Sad, Frustrated, Calm
Watching a tearjerker movie, Sad, Happy, Bored
Engaging in anger management exercises, Anger, Calm, Motivated
Ripping paper as a frustration outlet, Frustrated, Anger, Calm
Doing a slow-paced meditation, Tiredness, Calm, Bored
Lying down and practicing deep breathing, Tiredness, Calm, Bored
Taking a short nap or rest, Tiredness, Calm, Bored
Organizing a quiet space for relaxation, Happy, Calm, Tiredness
Creating a calming ambiance at home, Happy, Calm, Tiredness
Writing a letter to express feelings, Sad, Happy, Calm
Practicing gentle yoga or stretching, Calm, Tiredness, Bored
Reflecting on positive memories, Happy, Calm, Bored
Watching a motivational speech, Motivated, Happy, Bored
Gardening or tending to plants, Happy, Motivated, Bored
Playing with a pet for relaxation, Happy, Calm, Bored
Creating art therapy, Happy, Sad, Bored
Cooking comfort food, Happy, Sad, Bored
Exploring nature on a gentle walk, Happy, Calm, Bored
Writing affirmations for self-care, Happy, Calm, Bored
Enjoying a warm bath or shower, Happy, Calm, Bored
Listening to calming nature sounds, Calm, Tiredness, Bored
Practicing mindfulness exercises, Calm, Tiredness, Bored
Doing a gentle relaxation exercise, Calm, Tiredness, Bored
Sipping herbal tea for relaxation, Calm, Tiredness, Bored
Creating a cozy reading nook, Happy, Calm, Bored
Enjoying a hot drink by the fireplace, Happy, Calm, Bored
Engaging in light coloring, Happy, Bored, Tiredness
Writing a gratitude list, Happy, Calm, Bored
Taking a leisurely stroll, Happy, Calm, Bored
Reading a calming book, Happy, Calm, Bored
Practicing gentle relaxation techniques, Calm, Tiredness, Bored
Engaging in slow-paced activities, Calm, Tiredness, Bored
Lighting scented candles for relaxation, Happy, Calm, Bored
Stretching for relaxation, Calm, Tiredness, Bored
Bake chocolate chip cookies, Happy, Sad, Bored
Write a heartfelt apology letter, Sad, Anger, Calm
Create a playlist of soothing music, Calm, Anger, Tiredness
Try a new calming tea blend, Calm, Anger, Tiredness
Watch a guided meditation video, Calm, Sad, Tiredness
Make a stress-relief jar with positive quotes, Happy, Frustrated, Calm
Organize a closet or drawer, Happy, Frustrated, Bored
Plant flowers in a garden or pot, Happy, Frustrated, Tiredness
Try a soothing aromatherapy session, Calm, Anger, Tiredness
Write a short story expressing emotions, Sad, Happy, Bored
Create and practice mindfulness exercises, Calm, Tiredness, Bored
Do a therapeutic coloring session, Happy, Frustrated, Tiredness
Record thoughts in a private video diary, Sad, Anger, Tiredness
Try a guided anger management session, Anger, Calm, Bored
Organize a calming space at home, Happy, Calm, Tiredness
Plant a herb garden for relaxation, Happy, Frustrated, Tiredness
Write a letter to release pent-up emotions, Sad, Anger, Calm
Try a yoga session for relaxation, Calm, Tiredness, Bored
Listen to a calming podcast episode, Calm, Anger, Tiredness
Try a new relaxation technique, Calm, Tiredness, Bored
Recite positive affirmations, Happy, Frustrated, Tiredness
Create a playlist of calming sounds, Calm, Anger, Tiredness
Try a meditation exercise for anger, Anger, Calm, Bored
Build a relaxation corner at home, Happy, Calm, Tiredness
Write a forgiveness letter, Sad, Anger, Calm
Do a gentle stretching routine, Calm, Tiredness, Bored
Try a nature soundscapes relaxation session, Calm, Tiredness, Bored
Organize a calming self-care evening, Happy, Calm, Tiredness
Listen to an anger management podcast, Anger, Calm, Bored
Write a reflective journal entry, Sad, Happy, Bored
Practice a relaxation breathing technique, Calm, Tiredness, Bored
Cook or bake a comforting dish, Happy, Sad, Bored
Try a calming scent diffuser, Calm, Tiredness, Bored
Create a mood-lifting art piece, Happy, Frustrated, Bored
Listen to a calming audiobook, Calm, Tiredness, Bored
Try a therapeutic coloring book, Happy, Frustrated, Tiredness
Write a gratitude list, Happy, Calm, Bored
Engage in a calming skincare routine, Happy, Calm, Tiredness
Try a peaceful nighttime ritual, Happy, Calm, Tiredness
Practice gentle bedtime yoga, Calm, Tiredness, Bored
